{"Z500": {"time correlation": 0.1898715212995358, "pattern correlation": 0.2090010661606891}}