{"Z500": {"time correlation": 0.0063929214978730685, "pattern correlation": -0.00044391180467206266}}